ISBN,Tipo_Texto,Título,Autor,Editorial,Fecha_Edición,Lugar_Edición,Materia,Fecha_Alta
.,LITERATURA,Antología poética,1,1,1969,Buenos Aires,1,31/07/2001
950-515-107-1,LITERATURA,De mala muerte,2,2,1986,Buenos Aires,2,01/03/1996
84-261-0664-1,TEXTO NO LITERARIO,Confesiones,3,3,1986,Barcelona,3,01/03/1996
.,LITERATURA,El Capitán Veneno,4,4,1985,Buenos Aires,4,01/03/1996
.,LITERATURA,El sombrero de tres picos,4,5,1971,Buenos Aires,4,01/03/1996
.,TEXTO NO LITERARIO,Bases y puntos de partida para la organización política de la República Argentina,5,6,1981,Buenos Aires,5,01/03/1996
950-534-280-2,TEXTO NO LITERARIO,El crimen de la guerra,5,7,1994,Buenos Aires,6,01/03/1996
.,LITERATURA,Antología poética,6,8,1966,Buenos Aires,7,01/03/1996
.,TEXTO NO LITERARIO,Aritmética 1,7,9,1978,Buenos Aires,8,01/03/1996
.,TEXTO NO LITERARIO,Aritmética 2,7,9,1978,Buenos Aires,8,01/03/1996
.,TEXTO NO LITERARIO,Aritmética y álgebra 3,7,9,1968,Buenos Aires,9,01/03/1996
.,TEXTO NO LITERARIO,Aritmética y álgebra,7,9,1964,Buenos Aires,9,01/03/1996
.,TEXTO NO LITERARIO,Geometría 1,7,9,1978,Buenos Aires,10,01/03/1996
.,TEXTO NO LITERARIO,Geometría 2,7,9,1978,Buenos Aires,10,01/03/1996
.,TEXTO NO LITERARIO,Geometría 3,7,9,1978,Buenos Aires,10,01/03/1996
.,TEXTO NO LITERARIO,Geometría del espacio,7,9,1963,Buenos Aires,10,01/03/1996
950-01-0104-1,TEXTO NO LITERARIO,"Trigonometría 5 : Límites, continuidad y derivadas",7,9,1985,Buenos Aires,11,01/03/1996
950-9029-34-3,TEXTO NO LITERARIO,Geografía de América y Antártida,8,10,1987,Buenos Aires,12,01/03/1996
.,TEXTO NO LITERARIO,Pinacoteca de los genios,9,11,(197-),Buenos Aires,13,.
950-9029-27-0,TEXTO NO LITERARIO,Geografía general y regional. Asia y Africa,8,10,1988,Buenos Aires,14,01/03/1996
950-9029-28-9,TEXTO NO LITERARIO,Geografía general y regional de Europa y Oceanía,10,10,1987,Buenos Aires,15,01/03/1996
84-320-3881-4,LITERATURA,Comedia,11,12,1983,Barcelona,16,01/03/1996
84-7539-003-X,LITERATURA,Poesía completa,12,13,l959,Buenos Aires,1,01/03/1996
950-701-180-3,TEXTO NO LITERARIO,Historia 1 : La antigüedad y la sociedad feudal,13,14,1995,Buenos Aires,17,01/03/1996
950-701-203-6,TEXTO NO LITERARIO,Historia : Argentina y el mundo contemporáneo,13,14,1995,Buenos Aires,18,01/03/1996
.,LITERATURA,Cuentos,14,15,1963,Buenos Aires,19,01/03/1996
.,LITERATURA,Un viaje al país de los matreros,14,16,1976,Buenos Aires,20,01/03/1996
950-07-0291-6,LITERATURA,La casa de los espíritus,15,17,1988,Buenos Aires,21,01/03/1996
950-07-0444-7,LITERATURA,Eva Luna,15,17,1987,Buenos Aires,21,01/03/1996
.,TEXTO NO LITERARIO,Doña Flor y sus dos maridos,16,18,1984,Buenos Aires,22,04/03/1996
.,TEXTO NO LITERARIO,Doctrinas y descubrimientos,17,19,1923,Buenos Aires,23,04/03/1996
950-04-0848-1,LITERATURA,Obras completas (1975-1985),18,20,1989,Buenos Aires,24,.
.,TEXTO NO LITERARIO,Fragmentos,19,1,1966,Buenos Aires,25,04/03/1996
84-283-0860-8,TEXTO NO LITERARIO,Electrónica fundamental : Desde la válvula hasta el circuito integrado,20,21,1985,Madrid,26,04/03/1996
.,LITERATURA,Tierra olvidada,21,22,1953,Buenos Aires,20,.
.,TEXTO NO LITERARIO,"Calculus : Cálculo con funciones de una variable, con una introducción al álgebra",22,23,1972,Barcelona,27,04/03/1996
.,LITERATURA,Libro del buen amor,23,16,1974,Buenos Aires,7,04/03/1996
.,TEXTO NO LITERARIO,Efemérides argentinas (1492-1959),24,24,1960,Buenos Aires,28,04/03/1996
.,TEXTO NO LITERARIO,Código aeronáutico (Argentina),9,25,1975,Buenos Aires,29,04/03/1996
.,TEXTO NO LITERARIO,Código civil de la República Argentina y legislación complementaria,9,26,1982,Buenos Aires,30,04/03/1996
.,LITERATURA,Don Quijote de la Mancha,25,4,1988,Buenos Aires,31,04/03/1996
950-20-0517-1,TEXTO NO LITERARIO,Código de Comercio de la República Argentina,9,26,1989,Buenos Aires,32,04/03/1996
.,TEXTO NO LITERARIO,Código de minería y legislación de hidrocarburos ( Argentina),9,26,1969,Buenos Aires,33,04/03/1996
950-20-0501-5,TEXTO NO LITERARIO,Código penal de la Nación Argentina,9,26,1989,Buenos Aires,34,04/03/1996
950-20-0495-7,TEXTO NO LITERARIO,Código procesal civil y comercial de la Nación : Leyes 17454 y 22434,9,26,1989,Buenos Aires,35,04/03/1996
.,LITERATURA,Álamos talados,26,17,1982,Buenos Aires,36,04/03/1996
.,TEXTO NO LITERARIO,Polvo y espanto,26,17,1983,Buenos Aires,36,04/03/1996
.,TEXTO NO LITERARIO,Obras selectas,27,27,1966,Buenos Aires,37,04/03/1996
.,TEXTO NO LITERARIO,El juguete rabioso,28,28,1981,Buenos Aires,20,04/03/1996
84-02-07284-4,LITERATURA,Los lanzallamas,28,29,1980,Barcelona,20,04/03/1996
.,LITERATURA,Los siete locos,28,18,1983,Buenos Aires,36,04/03/1996
.,LITERATURA,Paulino Lucero,29,15,1960,Buenos Aires,1,04/03/1996
.,TEXTO NO LITERARIO,La revolución industrial (1760-1830),30,30,1975,México,38,04/03/1996
950-23-0111-0,TEXTO NO LITERARIO,Nunca más : Informe de la CONADEP,31,15,1984,Buenos Aires,39,04/03/1996
.,TEXTO NO LITERARIO,Metodología de la investigación,32,16,1973,Buenos Aires,40,05/03/1996
.,LITERATURA,El señor Presidente,33,18,1982,Buenos Aires,41,05/03/1996
950-581-015-8,LITERATURA,El alcalde de Zalamea,34,4,1985,Buenos Aires,42,05/03/1996
.,LITERATURA,La vida es sueño,34,4,1988,Buenos Aires,42,05/03/1996
950-13-2861-9,TEXTO NO LITERARIO,Educación para la salud,35,16,1983,Buenos Aires,43,05/03/1996
.,LITERATURA,Sin rumbo,36,31,1983,Buenos Aires,20,05/03/1996
.,LITERATURA,Fausto : Impresiones del gaucho Anastasio el Pollo en la representación de esta ópera,37,4,1986,Buenos Aires,1,05/03/1996
950-04-0013-8,LITERATURA,El extranjero,38,20,1982,Buenos Aires,44,05/03/1996
.,LITERATURA,Juvenilia,39,4,1985,Buenos Aires,20,05/03/1996
.,TEXTO NO LITERARIO,Curso de derecho romano : Instituciones de derecho privado. Obligaciones y sucesiones,40,26,1976,Buenos Aires,45,05/03/1996
950-568-005-8,TEXTO NO LITERARIO,La Argentina : Geografía humana y económica,41,32,1987,Buenos Aires,46,05/03/1996
950-568-010-4,TEXTO NO LITERARIO,Compendio de geografía económica mundial y argentina,41,32,1985,Buenos Aires,47,05/03/1996
.,LITERATURA,El camino de Santiago,42,33,1981,Buenos Aies,48,05/03/1996
.,LITERATURA,El siglo de las luces,42,34,1984,Buenos Aires,49,05/03/1996
950-21-0304-1,TEXTO NO LITERARIO,El texto informativo y el esquema del contenido,43,6,1987,Buenos Aires,50,05/03/1996
.,TEXTO NO LITERARIO,Principios de filosofía : Una introducción a su problemática,44,35,1987,Buenos Aires,51,05/03/1996
.,LITERATURA,Misas herejes,45,36,(19--),Buenos Aires,52,05/03/1996
.,LITERATURA,La dama del alba,46,18,1975,Buenos Aires,53,05/03/1996
.,LITERATURA,La sirena varada,46,18,1945,Buenos Aires,53,05/03/1996
950-04-0800-7,LITERATURA,Las palabras y los días,47,20,1988,Buenos Aires,54,05/03/1996
950-46-0085-9,TEXTO NO LITERARIO,Educación cívica 1,48,37,1988,Buenos Aires,55,05/03/1996
950-46-0163-4,TEXTO NO LITERARIO,Ciencias Sociales 4,49,37,1992,Buenos Aires,56,05/03/1996
950-46-0161-8,TEXTO NO LITERARIO,Ciencias Sociales 5,50,37,1992,Buenos Aires,56,05/03/1996
950-46-0162-6,TEXTO NO LITERARIO,Ciencias Sociales 6,51,37,1992,Buenos Aires,56,05/03/1996
.,LITERATURA,Entremeses,52,16,1965,Buenos Aires,53,05/03/1996
.,LITERATURA,El licenciado Vidriera,25,4,1985,Buenos Aires,4,05/03/1996
.,TEXTO NO LITERARIO,La república,53,1,1967,Buenos Aires,57,05/03/1996
950-02-0341-3,TEXTO NO LITERARIO,Fisiología deportiva,54,27,1994,Buenos Aires,58,05/03/1996
950-02-0273-5,TEXTO NO LITERARIO,Primeros auxilios,54,27,1988,Buenos Aires,59,05/03/1996
.,TEXTO NO LITERARIO,"Historia cultural de los argentinos : Arte, letras, ciencias",55,38,1975,Buenos Aires,60,05/03/1996
950-581-043-3,LITERATURA,Cuentos del interior : Antología,56,4,1988,Buenos Aires,61,05/03/1996
950-581-012-3,LITERATURA,Cuentos para el primer nivel (Antología),57,4,1989,Buenos Aires,62,05/03/1996
.,LITERATURA,Cuentos para el primer nivel (Antología),58,4,1988,Buenos Aires,62,05/03/1996
950-581-078-4,LITERATURA,Cuentos para el primer nivel (Antología),59,4,1989,Buenos Aires,62,05/03/1996
.,LITERATURA,Cuentos para el segundo nivel (Antología),60,4,1987,Buenos Aires,62,05/03/1996
950-06-0375-6,TEXTO NO LITERARIO,Biología,61,39,1993,Buenos Aires,63,05/03/1996
950-553-021-8,TEXTO NO LITERARIO,Introducción a la construcción de edificios,62,40,1985,Buenos Aires,64,05/03/1996
.,TEXTO NO LITERARIO,Historia de Boca Juniors,63,41,1956,Buenos Aires,65,05/03/1996
950-506-197-8,TEXTO NO LITERARIO,Guía elemental del dibujo técnico,64,42,1993,Buenos Aires,66,05/03/1996
950-02-7201-6,TEXTO NO LITERARIO,Contabilidad 1,65,27,1987,Buenos Aires,67,05/03/1996
950-02-7202-4,TEXTO NO LITERARIO,Contabilidad 2,65,27,1987,Buenos Aires,67,05/03/1996
950-02-7258-X,TEXTO NO LITERARIO,Contabilidad 3,65,27,1987,Buenos Aires,67,05/03/1996
950-02-7257-1,TEXTO NO LITERARIO,Contabilidad 5,65,27,1986,Buenos Aires,67,05/03/1996
.,TEXTO NO LITERARIO,Organización del comercio y de la empresa,65,27,1980,Buenos Aires,68,05/03/1996
.,TEXTO NO LITERARIO,Didacta 1.0 : El primer diccionario enciclopédico en castellano,9,43,1994,(s.l.),69,06/03/1996
.,TEXTO NO LITERARIO,Compton's Interactive Encyclopedia 3.00,9,44,1995,(s.l.),70,06/03/1996
.,TEXTO NO LITERARIO,Enciclopedia Interactiva Santillana,9,45,1995,(s.l.),70,06/03/1996
.,TEXTO NO LITERARIO,IQmedia,9,46,1995,(s.l.),71,06/03/1996
.,TEXTO NO LITERARIO,Natural Argentina : Atlas fitozoogeográfico de Argentina,9,47,1993,Buenos Aires,72,06/03/1996
.,TEXTO NO LITERARIO,Atlas de América,9,48,1965,Buenos Aires,73,06/03/1996
.,TEXTO NO LITERARIO,Atlas Enciclopédico Antártico Argentino,66,49,1978,Buenos Aires,74,06/03/1996
84-85406-44-3,TEXTO NO LITERARIO,Atlas básico,9,50,1984,Barcelona,75,06/03/1996
84-206-6995-4,TEXTO NO LITERARIO,Atlas del descubrimiento del mundo,67,51,1986,Madrid,76,06/03/1996
84-206-6996-2,TEXTO NO LITERARIO,Atlas estratégico : Geopolítica de las relaciones de fuerza en el mundo,68,51,1986,Madrid,77,06/03/1996
.,LITERATURA,No todo es vigilia la de los ojos abiertos ,69,28,1967,Buenos Aires,78,.
.,TEXTO NO LITERARIO,Atlas geográfico argentino,9,11,1966,Buenos Aires,79,06/03/1996
84-7764-953-7,TEXTO NO LITERARIO,Atlas geográfico universal y de la Argentina,9,52,1994,Barcelona,80,06/03/1996
.,LITERATURA,El sí de las niñas,70,5,1966,Buenos Aires,53,.
84-85406-22-2,TEXTO NO LITERARIO,Atlas universal ilustrado,9,50,1983,Barcelona,75,06/03/1996
.,TEXTO NO LITERARIO,Diccionario de las lenguas española y alemana,71,53,1967,Barcelona,81,06/03/1996
.,TEXTO NO LITERARIO,Diccionario español-alemán y alemán-español,72,54,1899,París,81,06/03/1996
.,TEXTO NO LITERARIO,Nuevo vocabulario español-alemán,72,54,(19--),París,81,06/03/1996
.,TEXTO NO LITERARIO,Diccionario español-alemán y alemán-español,72,55,1943,Buenos Aires,81,06/03/1996
.,LITERATURA,Cuentos,14,31,1983,Buenos Aires,19,.
.,LITERATURA,Los caminos de la muerte,73,18,1957,Buenos Aires,36,.
.,LITERATURA,El cántico espiritual,73,56,1950,Buenos Aires,20,.
.,TEXTO NO LITERARIO,Pedagogía del oprimido,74,57,1973,Buenos Aires,82,06/03/1996
.,TEXTO NO LITERARIO,"Pedagogía, diálogo y conflicto",75,58,1987,Buenos Aires,83,06/03/1996
.,LITERATURA,Poesías sueltas y obras en prosa seguidas de las obras poéticas y dramáticas,76,54,(19--),París,84,.
950-12-0010-8,TEXTO NO LITERARIO,El arte de amar : Una investigación sobre la naturaleza del amor,77,59,1992,Buenos Aires,85,06/03/1996
950-12-6608-7,TEXTO NO LITERARIO,El miedo a la libertad,78,59,1986,Buenos Aires,86,06/03/1996
.,LITERATURA,La novela número 13,79,60,1946,Buenos Aires,4,.
.,TEXTO NO LITERARIO,Parvus : Pequeño diccionario alemán-castellano,9,61,1953,Buenos Aires,81,06/03/1996
.,TEXTO NO LITERARIO,Diccionario moderno Langenscheidt de los idiomas inglés y español,80,62,1966,Berlín,87,06/03/1996
.,TEXTO NO LITERARIO,Pequeño diccionario alemán-español,9,61,1936,Barcelona,81,06/03/1996
.,LITERATURA,Historia de arrabal,73,63,1922,Buenos Aires,20,.
.,TEXTO NO LITERARIO,Diccionario araucano-español y español-araucano,9,64,1916,(s.l.),88,06/03/1996
.,LITERATURA,Advenimiento,81,18,1947,Buenos Aires,20,.
.,LITERATURA,Cuentistas argentinos del siglo XIX (Antología),82,9,1950,Buenos Aires,61,.
.,TEXTO NO LITERARIO,Diccionario práctico francés-castellano,9,61,1956,Buenos Aires,89,06/03/1996
.,LITERATURA,Esquinas de barrio,83,65,1949,Buenos Aires,52,07/03/1996
950-16-6266-7,TEXTO NO LITERARIO,Contabilidad moderna 1 : Nivel básico 1,84,38,1985,Buenos Aires,67,07/03/1996
950-16-6267-5,TEXTO NO LITERARIO,Contabilidad moderna 2 : Nivel básico 2,84,38,1985,Buenos Aires,67,07/03/1996
950-16-6268-3,TEXTO NO LITERARIO,Contabilidad moderna 3 : Nivel básico 3,84,38,1985,Buenos Aires,67,07/03/1996
950-16-6269-1,TEXTO NO LITERARIO,Contabilidad moderna 4 : Nivel intermedio 1,84,38,1985,Buenos Aires,67,07/03/1996
950-16-6270-5,TEXTO NO LITERARIO,Contabilidad moderna 5 : Nivel intermedio 2,84,38,1984,Buenos Aires,67,07/03/1996
.,LITERATURA,De cara a la pared : 1965-1968,85,66,1983,Segovia,7,.
.,TEXTO NO LITERARIO,Contabilidad práctica 2,84,38,1981,Buenos Aires,67,07/03/1996
.,TEXTO NO LITERARIO,Contabilidad práctica 3,84,38,1980,Buenos Aires,67,07/03/1996
950-16-6280-2,TEXTO NO LITERARIO,Derecho administrativo y legislación fiscal,84,38,1986,Buenos Aires,90,07/03/1996
950-16-6281-0,TEXTO NO LITERARIO,Derecho comercial,84,38,1986,Buenos Aires,91,07/03/1996
950-16-6282-9,TEXTO NO LITERARIO,Derecho usual y práctica forense,84,38,1984/1986,Buenos Aires,92,07/03/1996
950-16-6284-5,TEXTO NO LITERARIO,Organización del comercio y de la empresa,84,38,1984,Buenos Aires,68,07/03/1996
950-16-6291-8,TEXTO NO LITERARIO,Principios de economía moderna,84,38,1986,Buenos Aires,93,07/03/1996
950-03-0090-7,LITERATURA,Bodas de sangre,86,18,1984,Buenos Aires,53,07/03/1996
.,LITERATURA,Cuentos policiales argentinos,87,16,1974,Buenos Aires,61,.
950-581-051-4,LITERATURA,"Doña Rosita la soltera, ó, El lenguaje de las flores",86,4,1988,Buenos Aires,53,07/03/1996
950-03-0074-5,LITERATURA,Romancero gitano (1924-1927),86,18,1984,Buenos Aires,84,07/03/1996
.,LITERATURA,Yerma,86,18,1983,Buenos Aires,53,07/03/1996
950-07-0320-3,LITERATURA,El amor en los tiempos del cólera,88,17,1986,Buenos Aires,94,07/03/1996
950-07-0029-8,LITERATURA,Cien años de soledad,88,17,1986,Buenos Aires,94,07/03/1996
950-07-0089-1,LITERATURA,El coronel no tiene quien le escriba,88,17,1986,Buenos Aires,94,07/03/1996
950-07-0428-5,LITERATURA,Crónica de una muerte anunciada,88,17,1981,Buenos Aires,94,07/03/1996
.,TEXTO NO LITERARIO,Diccionario francés-español y español-francés,9,61,1944,Barcelona,89,07/03/1996
.,TEXTO NO LITERARIO,Dictionnaire moderne français-espagnol,89,67,1967,París,89,07/03/1996
.,TEXTO NO LITERARIO,Diccionario francés-español y español-francés,90,61,1946,Barcelona,89,07/03/1996
.,TEXTO NO LITERARIO,Diccionario francés-castellano,9,68,1959,Buenos Aires,89,07/03/1996
.,LITERATURA,Humaitá : Escenas de la Guerra del Paraguay,73,18,1947,Buenos Aires,20,.
.,TEXTO NO LITERARIO,Niñez en Catamarca,91,69,1962,Buenos Aires,95,.
84-7183-047-7,TEXTO NO LITERARIO,Diccionario francés-español y español-francés,92,70,1989,Barcelona,89,07/03/1996
.,LITERATURA,El mal metafísico,73,71,1922,Buenos Aires,20,.
.,TEXTO NO LITERARIO,Dictionnaire français-espagnol,93,67,1966,Buenos Aires,89,07/03/1996
84-283-0334-7,TEXTO NO LITERARIO,Diccionario técnico francés-español,94,21,1973,Madrid,96,07/03/1996
.,TEXTO NO LITERARIO,Diccionario francés-español y español-francés,95,61,1955,Barcelona,89,07/03/1996
.,TEXTO NO LITERARIO,Diccionario francés-español y español-francés,96,72,1950,Buenos Aires,89,07/03/1996
84-7153-192-5,TEXTO NO LITERARIO,Diccionario manual griego-español,97,73,1993,Barcelona,97,07/03/1996
.,TEXTO NO LITERARIO,Diccionario guaraní-castellano castellano-guaraní,98,74,1949,Buenos Aires,98,07/03/1996
.,TEXTO NO LITERARIO,Diccionario Atlantic inglés-español español-inglés,9,17,1977,Buenos Aires,87,07/03/1996
.,TEXTO NO LITERARIO,Diccionario revisado inglés-español y español-inglés,92,75,1962,Nueva York,87,07/03/1996
.,TEXTO NO LITERARIO,Diccionario revisado inglés-español y español-inglés,92,75,1956,Nueva York,87,07/03/1996
.,LITERATURA,El hombre que compró un automóvil,99,60,1945,Buenos Aires,4,.
.,TEXTO NO LITERARIO,Pequeño diccionario español-inglés,9,61,1940,Barcelona,87,07/03/1996
950-25-2700-3,LITERATURA,Juan Moreira,100,28,1993,Buenos Aires,20,.
84-283-l354-7,TEXTO NO LITERARIO,Diccionario técnico inglés-español,94,21,1985,Madrid,99,08/03/1996
.,LITERATURA,El ombú y otros cuentos rioplatenses,101,60,1955,Buenos Aires,2,.
950-02-6320-3,TEXTO NO LITERARIO,Diccionario inglés-español español-inglés,9,27,1992,Buenos Aires,99,08/03/1996
.,TEXTO NO LITERARIO,Diccionario inglés-español español-inglés,9,75,1940,Nueva York,87,08/03/1996
.,TEXTO NO LITERARIO,Diccionario práctico inglés-castellano y castellano-inglés,9,61,1959,Buenos Aires,87,08/03/1996
950-701-217-6,TEXTO NO LITERARIO,Geografía argentina,102,14,1994,Buenos Aires,100,08/03/1996
.,TEXTO NO LITERARIO,Tratado de química física,103,1,1972,Madrid,101,08/03/1996
.,TEXTO NO LITERARIO,Introducción al cálculo de probabilidades,104,15,1974,Buenos Aires,102,08/03/1996
.,LITERATURA,Fausto,105,28,1978,Buenos Aires,103,08/03/1996
.,LITERATURA,Werther,106,76,1970,Navarra,104,08/03/1996
950-46-0086-7,TEXTO NO LITERARIO,Historia 1,107,37,1988,Buenos Aires,105,08/03/1996
.,TEXTO NO LITERARIO,Personalidades de la Argentina : Diccionario biográfico contemporáneo,108,77,1948,Buenos Aires,106,08/03/1996
.,TEXTO NO LITERARIO,Diccionario inglés-español español-inglés,109,78,1944,Buenos Aires,87,08/03/1996
.,TEXTO NO LITERARIO,Gran diccionario inglés-español,92,70,1946,Barcelona,87,08/03/1996
.,TEXTO NO LITERARIO,Nuevo diccionario Cuyás inglés-español español-inglés,92,75,1966,Nueva York,87,08/03/1996
.,LITERATURA,El casamiento de Laucha,110,18,1981,Buenos Aires,36,.
.,TEXTO NO LITERARIO,Diccionario de dificultades de inglés,111,79,1976,Barcelona,107,08/03/1996
84-283-0425-4,TEXTO NO LITERARIO,Diccionario de dudas inglés-español,112,21,1984,Madrid,99,08/03/1996
.,TEXTO NO LITERARIO,Diccionario de modismos ingleses,113,61,1954,Buenos Aires,108,11/03/1996
84-283-0923-X,TEXTO NO LITERARIO,Diccionario técnico inglés-español,94,21,1985,Madrid,99,11/03/1996
.,TEXTO NO LITERARIO,Diccionario práctico italiano-castellano,9,61,1952,Buenos Aires,109,11/03/1996
.,TEXTO NO LITERARIO,Diccionario italiano-español español-italiano : Dizionario italiano-spagnolo e spagnolo-italiano,95,61,1957,Barcelona,109,11/03/1996
.,TEXTO NO LITERARIO,Manual de la conversación y del estilo epistolar :  Español-italiano,114,54,(19--),París,110,11/03/1996
.,TEXTO NO LITERARIO,Nuovo dizionario spagnolo-italiano e italiano-spagnolo,115,80,1971,Turín,111,11/03/1996
.,TEXTO NO LITERARIO,"Nuovo dizionario spagnolo-italiano : Commerciale, scientifico, tecnico, militare, marinesco",116,81,1938,Milán,111,11/03/1996
.,TEXTO NO LITERARIO,Dizionario moderno italiano-spagnuolo e spagnuolo-italiano,117,82,1917,Milán,109,11/03/1996
950-07-0587-7,LITERATURA,Antología de la literatura fantástica,118,17,1996,Buenos Aires,62,.
.,TEXTO NO LITERARIO,Diccionario italiano-español español-italiano,119,54,(19--),París,111,11/03/1996
.,TEXTO NO LITERARIO,Diccionario español-italiano e italiano-español,9,61,1957,Barcelona,109,11/03/1996
.,TEXTO NO LITERARIO,Diccionario español-italiano e italiano-español,9,82,1971,Milán,109,11/03/1996
.,LITERATURA,Fan : Historia de una niña,120,83,1947,Buenos Aires,36,.
.,TEXTO NO LITERARIO,Diccionario latino-español español-latino,121,1,1948,Madrid,112,11/03/1996
.,TEXTO NO LITERARIO,Epicuro y sus dioses,122,15,1960,Buenos Aires,113,.
.,TEXTO NO LITERARIO,Nuevo diccionario latino-español y español-latino etimológico,123,84,1946,Madrid,112,11/03/1996
.,TEXTO NO LITERARIO,"Diccionario comentado mapuche-español : Araucano, pehuelche, pampa, picunche, ranculche, huilliche",124,85,1960,Buenos Aires,114,11/03/1996
.,TEXTO NO LITERARIO,Diccionario espanhol-portugués,125,86,1948,Río de Janeiro,115,11/03/1996
.,TEXTO NO LITERARIO,Parvus : Pequeño diccionario portugués-castellano,9,61,1952,Buenos Aires,115,11/03/1996
.,TEXTO NO LITERARIO,Diccionario manual de americanismos,126,87,1966,Buenos Aires,116,11/03/1996
.,TEXTO NO LITERARIO,Diccionario de americanismos,127,88,1944,Buenos Aires,116,11/03/1996
.,TEXTO NO LITERARIO,Diccionario de argentinismos de ayer y de hoy,128,89,1976,Buenos Aires,117,11/03/1996
.,LITERATURA,Marta y María,129,60,c1940,Buenos Aires,4,.
.,TEXTO NO LITERARIO,"Dictionary of quotations : Spanish. De modismos, frases españolas",130,90,1907,Londres,118,11/03/1996
.,LITERATURA,La gloria de don Ramiro : Una vida en tiempos de Felipe II,131,16,1972,Buenos Aires,36,.
.,TEXTO NO LITERARIO,Diccionario de frases de los autores clásicos españoles,132,91,1942,Buenos Aires,119,11/03/1996
.,TEXTO NO LITERARIO,Diccionario de galicismos,133,92,1945,Buenos Aires,120,11/03/1996
950-21-0312-2,TEXTO NO LITERARIO,Diccionario de voces lunfardas y vulgares,134,6,1986,Buenos Aires,121,11/03/1996
.,TEXTO NO LITERARIO,Diccionario lunfardo y de otros términos antiguos y modernos usuales en Buenos Aires,135,93,1977,Buenos Aires,122,11/03/1996
.,TEXTO NO LITERARIO,Diccionario de modismos de la lengua castellana,136,27,1942,Buenos Aires,123,11/03/1996
.,TEXTO NO LITERARIO,"Diccionario de máximas, pensamientos y sentencias",137,94,1958,Barcelona,124,11/03/1996
.,TEXTO NO LITERARIO,Diccionario de regionalismos de la Provincia de La Rioja,138,95,1961,Buenos Aires,125,11/03/1996
.,TEXTO NO LITERARIO,Diccionario de topónimos indígenas de Catamarca,139,6,1979,Buenos Aires,126,11/03/1996
.,TEXTO NO LITERARIO,Diccionario de voces y expresiones argentinas,140,6,1979,Buenos Aires,127,11/03/1996
.,LITERATURA,Veinte cuentos de Buenos Aires,141,69,1961,Buenos Aires,128,.
.,TEXTO NO LITERARIO,Dizionario francese-italiano e italiano-francese,142,96,(19--),Milán,129,11/03/1996
950-701-249-4,TEXTO NO LITERARIO,Diccionario básico de la lengua española,9,14,1994,Buenos Aires,130,11/03/1996
.,TEXTO NO LITERARIO,Diccionario Kapelusz de la lengua española,9,16,1979,Buenos Aires,130,11/03/1996
950-860-041-1,LITERATURA,Amar al prójimo,143,97,1996,Buenos Aires,61,.
.,LITERATURA,Selección de ensayos argentinos,144,16,1974,Buenos Aires,131,.
950-595-131-0,TEXTO NO LITERARIO,Leer los escritos de Jacques Lacan,145,98,1995,Buenos Aires,132,.
.,TEXTO NO LITERARIO,Diccionario de la lengua castellana,146,99,1726,Madrid,133,11/03/1996
.,TEXTO NO LITERARIO,Los fundadores : crónicas y poemas de la colonia,147,28,1967,Buenos Aires,134,.
.,LITERATURA,Antología de la literatura : Narradores del s.XX,148,16,1973,Buenos Aires,135,.
.,LITERATURA,Geografía,149,16,1965,Buenos Aires,1,.
.,TEXTO NO LITERARIO,Diccionario manual e ilustrado de la lengua española,146,60,1950,Madrid,133,11/03/1996
.,LITERATURA,Paulino Lucero,150,9,1969,Buenos Aires,1,.
.,TEXTO NO LITERARIO,Diccionario de la lengua castellana,146,100,1914,Madrid,133,11/03/1996
.,TEXTO NO LITERARIO,Diccionario de la lengua española,146,99,1925,Madrid,133,11/03/1996
.,LITERATURA,El criador de gorilas,151,69,1969,Buenos Aires,2,.
.,TEXTO NO LITERARIO,Diccionario de la lengua española,146,60,1936,Madrid,133,11/03/1996
.,TEXTO NO LITERARIO,Diccionario de la lengua española,146,60,1947,Madrid,133,11/03/1996
.,TEXTO NO LITERARIO,Diccionario de la lengua española,146,101,1970,Madrid,133,11/03/1996
.,TEXTO NO LITERARIO,Diccionario de la lengua española,146,60,1984,Madrid,133,11/03/1996
84-239-6983-5,TEXTO NO LITERARIO,Diccionario infantil ilustrado,9,102,1966,Barcelona,136,11/03/1996
.,LITERATURA,Escritos literarios,152,16,1959,Buenos Aires,20,.
.,TEXTO NO LITERARIO,El final de la cura de un fetichista,153,103,1983,Buenos Aires,137,.
.,TEXTO NO LITERARIO,Diccionario Santillana 2,9,37,1975,Madrid,130,11/03/1996
.,LITERATURA,Córdoba del recuerdo,81,60,1945,Buenos Aires,138,.
.,TEXTO NO LITERARIO,Diccionario de la lengua española (Petit Larousse),9,67,(19--),Buenos Aires,130,11/03/1996
.,LITERATURA,Cronicones alegres de Córdoba,154,16,1960,Buenos Aires,139,.
.,TEXTO NO LITERARIO,Nuevo pequeño Larousse ilustrado : Diccionario enciclopédico,9,67,(19--),París,140,11/03/1996
.,TEXTO NO LITERARIO,Estudios historico-literarios,155,9,1960,Buenos Aires,141,.
.,TEXTO NO LITERARIO,Nuevo pequeño Larousse ilustrado : diccionario enciclopédico,9,67,1953,París,140,11/03/1996
.,TEXTO NO LITERARIO,Diccionario pequeño Larousse ilustrado,9,67,1940,París,130,11/03/1996
.,LITERATURA,El doradillo y otros cuentos,156,16,1975,Buenos Aires,2,.
.,TEXTO NO LITERARIO,Diccionario pequeño Larousse ilustrado,93,67,1967,París,130,11/03/1996
987-95000-1-6,LITERATURA,El encargo,157,104,1997,Buenos Aires,2,.
950-538-500-5,TEXTO NO LITERARIO,Pequeño Larousse ilustrado,158,67,1994,Buenos Aires,130,11/03/1996
.,TEXTO NO LITERARIO,Diccionario castellano de bolsillo,159,11,(19--),París,130,11/03/1996
.,TEXTO NO LITERARIO,Nuevo diccionario ilustrado de la lengua española,9,61,1934,Barcelona,133,11/03/1996
.,TEXTO NO LITERARIO,Diccionario de voces nuevas de la lengua castellana,9,105,1940,Buenos Aires,133,11/03/1996
.,LITERATURA,El viento blanco,160,15,1975,Buenos Aires,2,.
950-9522-04-X,TEXTO NO LITERARIO,Los mismos-distintos lugares,161,106,1996,Buenos Aires,132,.
950-12-6681-8,TEXTO NO LITERARIO,La inteligencia artificial : una aproximación,162,59,1991,Buenos Aires,142,11/03/1996
.,TEXTO NO LITERARIO,Historia social de la literatura y el arte,163,107,1969,Madrid,143,11/03/1996
.,TEXTO NO LITERARIO,Introducción a la historia de la filosofía,164,1,1965,Buenos Aires,144,11/03/1996
.,TEXTO NO LITERARIO,Fragmentos,165,1,1963,Buenos Aires,145,11/03/1996
950-206-3089-6,LITERATURA,Obra poética completa,166,51,1986,Madrid,84,11/03/1996
.,LITERATURA,El lobo estepario,167,108,1959,Buenos Aires,104,11/03/1996
84-02-07660-2,LITERATURA,Siddhartha,167,29,1981,Barcelona,146,11/03/1996
.,TEXTO NO LITERARIO,La historia del tango,9,109,1976,Buenos Aires,147,11/03/1996
.,TEXTO NO LITERARIO,El informe Hite : Estudio de la sexualidad femenina,168,102,1985,Barcelona,148,11/03/1996
84-01-37099-X,TEXTO NO LITERARIO,El informe Hite sobre la sexualidad masculina,168,102,1981,Barcelona,149,11/03/1996
950-581-004-2,LITERATURA,Martín Fierro,169,4,1988,Buenos Aires,52,11/03/1996
968-23-0762-7,TEXTO NO LITERARIO,Prehistoria,170,57,1984,México,150,11/03/1996
968-23-0494-6,TEXTO NO LITERARIO,Griegos y persas,171,57,1984,México,151,11/03/1996
968-23-0937-9,TEXTO NO LITERARIO,El siglo XX : Problemas mundiales entre los dos bloques de poder,172,57,1985,México,152,11/03/1996
968-23-0952-2,TEXTO NO LITERARIO,Los inicios de la Europa moderna (1550-1648),173,57,1984,México,153,11/03/1996
968-23-0763-5,TEXTO NO LITERARIO,La formación del Imperio Romano,174,57,1984,México,154,11/03/1996
968-23-0216-7,TEXTO NO LITERARIO,El siglo XX : Europa (1918-1945),175,57,1986,México,155,11/03/1996
968-23-0504-7,TEXTO NO LITERARIO,"Los fundamentos del mundo moderno : edad media tardía, Renacimiento, Reforma",176,57,1985,México,156,11/03/1996
.,TEXTO NO LITERARIO,Genio y figura de Jorge Luis Borges,177,15,1967,Buenos Aires,157,12/03/1996
84-226-2203-3,LITERATURA,La metamorfosis,178,110,1986,Barcelona,158,12/03/1996
.,TEXTO NO LITERARIO,Crítica de la razón pura : Estética trascendental y analítica trascendental,179,18,1957,Buenos Aires,159,12/03/1996
.,TEXTO NO LITERARIO,Por qué no es inútil una nueva crítica de la razón pura : Respuesta a Eberhard,180,1,1968,Buenos Aires,159,12/03/1996
.,LITERATURA,Lírica,181,16,1975,Buenos Aires,7,12/03/1996
.,TEXTO NO LITERARIO,"Historia de los monumentos y esculturas de Buenos Aires : Plaza San Martín, Plaza Lavalle, Parque Lezama",182,111,1985,Buenos Aires,160,12/03/1996
.,TEXTO NO LITERARIO,La historia de vida,183,28,1980,Buenos Aires,161,12/03/1996
950-13-2022-7,TEXTO NO LITERARIO,Elementos de física y química,184,16,1980,Buenos Aires,162,12/03/1996
950-13-2030-8,TEXTO NO LITERARIO,Física elemental,185,16,1981,Buenos Aires,163,12/03/1996
950-13-2043-X,TEXTO NO LITERARIO,Introducción a la física,184,16,1994,Buenos Aires,164,12/03/1996
950-13-2023-5,TEXTO NO LITERARIO,Nociones de física y química,185,16,1982,Buenos Aires,162,12/03/1996
.,TEXTO NO LITERARIO,Una teoría científica de la cultura y otros ensayos,186,17,1976,Buenos Aires,165,12/03/1996
.,TEXTO NO LITERARIO,Totem y tabú,187,51,1967,Madrid,166,.
950-581-005-0,LITERATURA,"Coplas a la muerte del maestre de Santiago, Don Rodrigo Manrique, su padre",188,4,1985,Buenos Aires,7,12/03/1996
.,LITERATURA,Una excursión a los indios ranqueles,189,16,1966,Buenos Aires,36,12/03/1996
.,TEXTO NO LITERARIO,Manual del alumno 4/7 (Capital Federal),9,16,1982,Buenos Aires,167,12/03/1996
950-046-195-2,TEXTO NO LITERARIO,Manual esencial Santillana 4,9,37,1993,Buenos Aires,56,12/03/1996
950-46-196-0,TEXTO NO LITERARIO,Manual esencial Santillana 5,9,37,1993,Buenos Aires,56,12/03/1996
950-046-197-9,TEXTO NO LITERARIO,Manual esencial Santillana 7,9,37,1993,Buenos Aires,56,12/03/1996
950-46-0194-4,TEXTO NO LITERARIO,Manual esencial Santillana 6,9,37,1993,Buenos Aires,56,12/03/1996
.,TEXTO NO LITERARIO,Diccionario politécnico de las lenguas española e inglesa,9,112,1958,Madrid,99,12/03/1996
950-25-1601-X,TEXTO NO LITERARIO,Diccionario hípico : Voces y expresiones rioplatenses,190,6,1978,Buenos Aires,168,12/03/1996
.,LITERATURA,El son entero,191,18,1957,Buenos Aires,169,.
.,TEXTO NO LITERARIO,Diccionario de asonantes y consonantes,192,113,1943,Madrid,170,12/03/1996
.,LITERATURA,Eufemia,193,60,1944,Buenos Aires,53,.
.,TEXTO NO LITERARIO,Diccionario de la conjugación : Los 12.000 verbos en castellano,194,16,1948,Buenos Aires,171,12/03/1996
.,TEXTO NO LITERARIO,Diccionario de la conjugación,194,16,1961,Buenos Aires,171,12/03/1996
84-249-1332-9,TEXTO NO LITERARIO,Breve diccionario etimológico de la lengua castellana,195,114,1973,Madrid,172,12/03/1996
84-249-1321-3,TEXTO NO LITERARIO,Diccionario crítico etimológico de la lengua castellana,195,114,1974,Madrid,172,12/03/1996
.,TEXTO NO LITERARIO,Diccionario etimológico español e hispánico,196,115,1985,Madrid,173,12/03/1996
.,TEXTO NO LITERARIO,Diccionario español escolar etimológico,197,116,(19--),Madrid,173,12/03/1996
.,TEXTO NO LITERARIO,Diccionario etimológico de la lengua castellana,9,27,1941,Buenos Aires,172,12/03/1996
.,TEXTO NO LITERARIO,Diccionario etimológico de la lengua castellana,198,91,1946,Buenos Aires,173,12/03/1996
.,TEXTO NO LITERARIO,Diccionario general etimológico de la lengua española,199,117,1898,Madrid,173,12/03/1996
.,LITERATURA,Belleza : En verso,200,18,1945,Buenos Aires,7,.
.,TEXTO NO LITERARIO,Diccionario ideológico de la lengua española,201,118,1948,Barcelona,133,12/03/1996
84-283-1366-0,TEXTO NO LITERARIO,Diccionario de métrica española,202,21,1985,Madrid,174,12/03/1996
.,TEXTO NO LITERARIO,Diccionario de parónimos castellanos,203,61,1971,Buenos Aires,175,12/03/1996
950-13-2067-7,TEXTO NO LITERARIO,Nuevo castellano 1 : Lengua y literatura. Lenguaje y comunicación,204,16,1983,Buenos Aires,176,12/03/1996
.,TEXTO NO LITERARIO,Nuevo castellano 2 : Lengua y literatura. Lenguaje y comunicación,204,16,1982,Buenos Aires,177,12/03/1996
950-13-2069-3,TEXTO NO LITERARIO,Nuevo castellano 3 : Lengua y literatura. Lenguaje y comunicación,204,16,1982,Buenos Aires,178,12/03/1996
950-46-0121-9,TEXTO NO LITERARIO,Ciencias biológicas 3,205,37,1990,Buenos Aires,179,12/03/1996
950-581-039-5,LITERATURA,Las de Barranco,206,4,1988,Buenos Aires,180,12/03/1996
